Date/Time,Word Count,de,en,en-XA,ja
2026.09.29-18.12.14,198,0,198,0,0
2026.09.29-18.14.52,268,0,268,0,0
2026.09.29-20.04.54,271,267,271,267,267
2026.09.29-20.12.38,269,269,269,269,269
2026.09.29-20.29.29,270,264,270,264,264
2026.09.29-21.08.29,282,270,282,270,270
2026.09.29-21.56.12,445,273,445,273,273
2026.09.30-08.03.59,449,445,449,445,445
2026.09.30-22.49.54,449,449,449,449,449
2026.10.01-00.51.31,496,449,496,449,449
2026.10.01-00.52.56,496,449,496,496,449
2026.10.01-13.44.11,555,496,555,496,496
2026.10.01-13.45.26,555,496,555,555,496
